Misc	patientID	variantID	cluster	is.driver	is.clonal	CCF
case_1_ABCA13_chr7:GA:chr7:48443438	case_1	ABCA13	1	FALSE	TRUE	case_1_D_T:0.84;case_1_CII_T:0.76;case_1_CI_T:0.81
case_1_AC104809.3_chr2:GA:chr2:241859554	case_1	AC104809.3	1	FALSE	TRUE	case_1_D_T:0.82;case_1_CII_T:0.72;case_1_CI_T:0.78
case_1_AC138430.4_chr19:CT:chr19:19368995	case_1	AC138430.4	1	FALSE	TRUE	case_1_D_T:0.82;case_1_CII_T:0.8;case_1_CI_T:0.83
case_1_ACTL6B_chr7:CT:chr7:100247660	case_1	ACTL6B	1	FALSE	TRUE	case_1_D_T:0.91;case_1_CII_T:0.84;case_1_CI_T:0.89
case_1_AIFM2_chr10:CT:chr10:71871346	case_1	AIFM2	1	FALSE	TRUE	case_1_D_T:0.71;case_1_CII_T:0.63;case_1_CI_T:0.69
case_1_ANKRD17_chr4:TC:chr4:74021432	case_1	ANKRD17	1	FALSE	TRUE	case_1_D_T:0.98;case_1_CII_T:0.89;case_1_CI_T:0.96
case_1_ARHGAP35_chr19:CT:chr19:47425446	case_1	ARHGAP35	1	FALSE	TRUE	case_1_D_T:0.97;case_1_CII_T:0.85;case_1_CI_T:0.9
case_1_ARHGAP9_chr12:GA:chr12:57873361	case_1	ARHGAP9	1	FALSE	TRUE	case_1_D_T:0.95;case_1_CII_T:0.86;case_1_CI_T:0.92
case_1_BCAT1_chr12:GA:chr12:24995152	case_1	BCAT1	1	FALSE	TRUE	case_1_D_T:0.87;case_1_CII_T:0.79;case_1_CI_T:0.83
case_1_BIRC6_chr2:AC:chr2:32626281	case_1	BIRC6	1	FALSE	TRUE	case_1_D_T:0.88;case_1_CII_T:0.8;case_1_CI_T:0.84
case_1_C2orf57_chr2:GA:chr2:232458400	case_1	C2orf57	1	FALSE	TRUE	case_1_D_T:0.89;case_1_CII_T:0.81;case_1_CI_T:0.86
case_1_C9orf43_chr9:CA:chr9:116188004	case_1	C9orf43	1	FALSE	TRUE	case_1_D_T:0.56;case_1_CII_T:0.53;case_1_CI_T:0.51
case_1_CAMTA1_chr1:GT:chr1:7724395	case_1	CAMTA1	1	FALSE	TRUE	case_1_D_T:0.87;case_1_CII_T:0.78;case_1_CI_T:0.84
case_1_CASP5_chr11:GA:chr11:104879684	case_1	CASP5	1	FALSE	TRUE	case_1_D_T:0.88;case_1_CII_T:0.8;case_1_CI_T:0.85
case_1_CDK20_chr9:AC:chr9:90581851	case_1	CDK20	1	FALSE	TRUE	case_1_D_T:0.71;case_1_CII_T:0.65;case_1_CI_T:0.77
case_1_COL20A1_chr20:CT:chr20:61958155	case_1	COL20A1	1	FALSE	TRUE	case_1_D_T:0.97;case_1_CII_T:0.9;case_1_CI_T:0.96
case_1_COLEC10_chr8:AC:chr8:120118475	case_1	COLEC10	1	FALSE	TRUE	case_1_D_T:0.96;case_1_CII_T:0.87;case_1_CI_T:0.95
case_1_CPXM1_chr20:GA:chr20:2774859	case_1	CPXM1	1	FALSE	TRUE	case_1_D_T:0.87;case_1_CII_T:0.8;case_1_CI_T:0.86
case_1_CRB1_chr1:CG:chr1:197411224	case_1	CRB1	1	FALSE	TRUE	case_1_D_T:0.83;case_1_CII_T:0.76;case_1_CI_T:0.82
case_1_CYB5RL_chr1:CT:chr1:54656480	case_1	CYB5RL	1	FALSE	TRUE	case_1_D_T:0.78;case_1_CII_T:0.75;case_1_CI_T:0.76
case_1_DMXL1_chr5:CA:chr5:118552617	case_1	DMXL1	1	FALSE	TRUE	case_1_D_T:0.86;case_1_CII_T:0.78;case_1_CI_T:0.83
case_1_DOCK10_chr2:AC:chr2:225729354	case_1	DOCK10	1	FALSE	TRUE	case_1_D_T:0.72;case_1_CII_T:0.68;case_1_CI_T:0.66
case_1_DPP7_chr9:GC:chr9:140008908	case_1	DPP7	1	FALSE	TRUE	case_1_D_T:0.69;case_1_CII_T:0.61;case_1_CI_T:0.66
case_1_DYSF_chr2:GA:chr2:71742778	case_1	DYSF	1	FALSE	TRUE	case_1_D_T:0.95;case_1_CII_T:0.88;case_1_CI_T:0.94
case_1_ENPEP_chr4:CT:chr4:111397948	case_1	ENPEP	1	FALSE	TRUE	case_1_D_T:0.95;case_1_CII_T:0.87;case_1_CI_T:0.94
case_1_FAM212A_chr3:GC:chr3:49836187	case_1	FAM212A	1	FALSE	TRUE	case_1_D_T:0.98;case_1_CII_T:0.9;case_1_CI_T:0.96
case_1_FAT4_chr4:GT:chr4:126412644	case_1	FAT4	1	FALSE	TRUE	case_1_D_T:0.91;case_1_CII_T:0.84;case_1_CI_T:0.89
case_1_FBXO28_chr1:GA:chr1:224340863	case_1	FBXO28	1	FALSE	TRUE	case_1_D_T:0.69;case_1_CII_T:0.62;case_1_CI_T:0.65
case_1_FRA10AC1_chr10:GA:chr10:95425263	case_1	FRA10AC1	1	FALSE	TRUE	case_1_D_T:0.98;case_1_CII_T:0.9;case_1_CI_T:0.96
case_1_FSHR_chr2:GA:chr2:49190337	case_1	FSHR	1	FALSE	TRUE	case_1_D_T:0.86;case_1_CII_T:0.79;case_1_CI_T:0.83
case_1_GEMIN6_chr2:CT:chr2:39008755	case_1	GEMIN6	1	FALSE	TRUE	case_1_D_T:0.79;case_1_CII_T:0.72;case_1_CI_T:0.77
case_1_GPR182_chr12:GA:chr12:57389153	case_1	GPR182	1	FALSE	TRUE	case_1_D_T:0.93;case_1_CII_T:0.85;case_1_CI_T:0.91
case_1_GPR183_chr13:CG:chr13:99947245	case_1	GPR183	1	FALSE	TRUE	case_1_D_T:0.94;case_1_CII_T:0.86;case_1_CI_T:0.93
case_1_HDHD3_chr9:AG:chr9:116136092	case_1	HDHD3	1	FALSE	TRUE	case_1_D_T:0.99;case_1_CII_T:0.91;case_1_CI_T:0.97
case_1_HNRNPA1P50_chr12:CT:chr12:93273050	case_1	HNRNPA1P50	1	FALSE	TRUE	case_1_D_T:0.96;case_1_CII_T:0.87;case_1_CI_T:0.94
case_1_HNRNPR_chr1:CT:chr1:23650140	case_1	HNRNPR	1	FALSE	TRUE	case_1_D_T:0.72;case_1_CII_T:0.61;case_1_CI_T:0.66
case_1_IMPAD1_chr8:CT:chr8:57890695	case_1	IMPAD1	1	FALSE	TRUE	case_1_D_T:0.95;case_1_CII_T:0.87;case_1_CI_T:0.93
case_1_INPP5D_chr2:CT:chr2:234091063	case_1	INPP5D	1	FALSE	TRUE	case_1_D_T:0.91;case_1_CII_T:0.83;case_1_CI_T:0.88
case_1_ITGA6_chr2:GT:chr2:173356035	case_1	ITGA6	1	FALSE	TRUE	case_1_D_T:0.81;case_1_CII_T:0.72;case_1_CI_T:0.77
case_1_ITGAV_chr2:CA:chr2:187529214	case_1	ITGAV	1	FALSE	TRUE	case_1_D_T:0.9;case_1_CII_T:0.83;case_1_CI_T:0.87
case_1_IVD_chr15:GA:chr15:40698180	case_1	IVD	1	FALSE	TRUE	case_1_D_T:0.99;case_1_CII_T:0.91;case_1_CI_T:0.97
case_1_JAKMIP3_chr10:GA:chr10:133967416	case_1	JAKMIP3	1	FALSE	TRUE	case_1_D_T:0.77;case_1_CII_T:0.68;case_1_CI_T:0.74
case_1_JAM2_chr21:GA:chr21:27071109	case_1	JAM2	1	FALSE	TRUE	case_1_D_T:0.93;case_1_CII_T:0.87;case_1_CI_T:0.91
case_1_JPH1_chr8:CT:chr8:75227756	case_1	JPH1	1	FALSE	TRUE	case_1_D_T:0.85;case_1_CII_T:0.84;case_1_CI_T:0.87
case_1_KCND3_chr1:CT:chr1:112524278	case_1	KCND3	1	FALSE	TRUE	case_1_D_T:0.83;case_1_CII_T:0.76;case_1_CI_T:0.81
case_1_KCNQ3_chr8:GA:chr8:133492626	case_1	KCNQ3	1	TRUE	TRUE	case_1_D_T:0.99;case_1_CII_T:0.91;case_1_CI_T:0.97
case_1_KIAA0020_chr9:GA:chr9:2824765	case_1	KIAA0020	1	FALSE	TRUE	case_1_D_T:0.95;case_1_CII_T:0.9;case_1_CI_T:0.95
case_1_KMT2D_chr12:CT:chr12:49444220	case_1	KMT2D	1	FALSE	TRUE	case_1_D_T:0.99;case_1_CII_T:0.91;case_1_CI_T:0.97
case_1_LIMK2_chr22:GA:chr22:31668627	case_1	LIMK2	1	FALSE	TRUE	case_1_D_T:0.84;case_1_CII_T:0.78;case_1_CI_T:0.82
case_1_LMBRD2_chr5:GC:chr5:36152987	case_1	LMBRD2	1	FALSE	TRUE	case_1_D_T:0.98;case_1_CII_T:0.89;case_1_CI_T:0.94
case_1_LPHN2_chr1:GA:chr1:82431837	case_1	LPHN2	1	FALSE	TRUE	case_1_D_T:0.75;case_1_CII_T:0.7;case_1_CI_T:0.73
case_1_LST1_chr6:AC:chr6:31560653	case_1	LST1	1	FALSE	TRUE	case_1_D_T:0.63;case_1_CII_T:0.7;case_1_CI_T:0.61
case_1_LY6E_chr8:GT:chr8:144099427	case_1	LY6E	1	FALSE	TRUE	case_1_D_T:0.97;case_1_CII_T:0.83;case_1_CI_T:0.88
case_1_LYPLAL1_chr1:CG:chr1:219384830	case_1	LYPLAL1	1	FALSE	TRUE	case_1_D_T:0.94;case_1_CII_T:0.85;case_1_CI_T:0.91
case_1_MANSC4_chr12:GA:chr12:27923990	case_1	MANSC4	1	FALSE	TRUE	case_1_D_T:0.93;case_1_CII_T:0.85;case_1_CI_T:0.91
case_1_MAP3K13_chr3:CT:chr3:185194826	case_1	MAP3K13	1	FALSE	TRUE	case_1_D_T:0.71;case_1_CII_T:0.65;case_1_CI_T:0.68
case_1_MKLN1_chr7:CT:chr7:131096069	case_1	MKLN1	1	FALSE	TRUE	case_1_D_T:0.83;case_1_CII_T:0.75;case_1_CI_T:0.79
case_1_MYO16_chr13:GA:chr13:109318433	case_1	MYO16	1	FALSE	TRUE	case_1_D_T:0.85;case_1_CII_T:0.78;case_1_CI_T:0.83
case_1_MYO5A_chr15:TC:chr15:52671818	case_1	MYO5A	1	FALSE	TRUE	case_1_D_T:0.97;case_1_CII_T:0.9;case_1_CI_T:0.95
case_1_NCOA6_chr20:GA:chr20:33329889	case_1	NCOA6	1	FALSE	TRUE	case_1_D_T:0.98;case_1_CII_T:0.91;case_1_CI_T:0.97
case_1_NPBWR2_chr20:GA:chr20:62738211	case_1	NPBWR2	1	FALSE	TRUE	case_1_D_T:0.92;case_1_CII_T:0.85;case_1_CI_T:0.88
case_1_NR2F1_chr5:CT:chr5:92929579	case_1	NR2F1	1	FALSE	TRUE	case_1_D_T:0.97;case_1_CII_T:0.9;case_1_CI_T:0.95
case_1_OAZ1_chr19:AC:chr19:2271875	case_1	OAZ1	1	FALSE	TRUE	case_1_D_T:0.94;case_1_CII_T:0.85;case_1_CI_T:0.9
case_1_OAZ1_chr19:CT:chr19:2275702	case_1	OAZ1	1	FALSE	TRUE	case_1_D_T:0.97;case_1_CII_T:0.89;case_1_CI_T:0.95
case_1_OR2T35_chr1:CA:chr1:248802314	case_1	OR2T35	1	FALSE	TRUE	case_1_D_T:0.98;case_1_CII_T:0.91;case_1_CI_T:0.97
case_1_OR5T3_chr11:TC:chr11:56020106	case_1	OR5T3	1	FALSE	TRUE	case_1_D_T:0.88;case_1_CII_T:0.8;case_1_CI_T:0.86
case_1_PMP22_chr17:GA:chr17:15134240	case_1	PMP22	1	FALSE	TRUE	case_1_D_T:0.75;case_1_CII_T:0.64;case_1_CI_T:0.68
case_1_POLE_chr12:CT:chr12:133209274	case_1	POLE	1	FALSE	TRUE	case_1_D_T:0.83;case_1_CII_T:0.71;case_1_CI_T:0.79
case_1_PRKD1_chr14:CG:chr14:30132992	case_1	PRKD1	1	FALSE	TRUE	case_1_D_T:0.73;case_1_CII_T:0.68;case_1_CI_T:0.69
case_1_PRR14L_chr22:CT:chr22:32110456	case_1	PRR14L	1	FALSE	TRUE	case_1_D_T:0.99;case_1_CII_T:0.91;case_1_CI_T:0.97
case_1_PTDSS1_chr8:TA:chr8:97342457	case_1	PTDSS1	1	FALSE	TRUE	case_1_D_T:0.95;case_1_CII_T:0.87;case_1_CI_T:0.93
case_1_ROBO2_chr3:TG:chr3:77542390	case_1	ROBO2	1	FALSE	TRUE	case_1_D_T:0.79;case_1_CII_T:0.72;case_1_CI_T:0.76
case_1_RP11-104H15.7_chr17:CT:chr17:7318466	case_1	RP11-104H15.7	1	FALSE	TRUE	case_1_D_T:0.81;case_1_CII_T:0.75;case_1_CI_T:0.78
case_1_RP11-800A3.7_chr11:CT:chr11:73022128	case_1	RP11-800A3.7	1	FALSE	TRUE	case_1_D_T:0.89;case_1_CII_T:0.81;case_1_CI_T:0.87
case_1_RP5-1056L3.1_chr1:CA:chr1:19927357	case_1	RP5-1056L3.1	1	FALSE	TRUE	case_1_D_T:0.77;case_1_CII_T:0.68;case_1_CI_T:0.73
case_1_SARM1_chr17:TA:chr17:26688374	case_1	SARM1	1	FALSE	TRUE	case_1_D_T:0.95;case_1_CII_T:0.81;case_1_CI_T:0.89
case_1_SCN1A_chr2:CT:chr2:166894364	case_1	SCN1A	1	FALSE	TRUE	case_1_D_T:0.92;case_1_CII_T:0.86;case_1_CI_T:0.91
case_1_SLC12A1_chr15:TC:chr15:48577358	case_1	SLC12A1	1	FALSE	TRUE	case_1_D_T:0.98;case_1_CII_T:0.9;case_1_CI_T:0.96
case_1_SNRNP200_chr2:CA:chr2:96957543	case_1	SNRNP200	1	FALSE	TRUE	case_1_D_T:0.94;case_1_CII_T:0.86;case_1_CI_T:0.93
case_1_SPTA1_chr1:CA:chr1:158639540	case_1	SPTA1	1	FALSE	TRUE	case_1_D_T:0.89;case_1_CII_T:0.82;case_1_CI_T:0.86
case_1_TMEM140_chr7:TC:chr7:134849276	case_1	TMEM140	1	FALSE	TRUE	case_1_D_T:0.72;case_1_CII_T:0.64;case_1_CI_T:0.68
case_1_TMEM63A_chr1:GA:chr1:226074626	case_1	TMEM63A	1	FALSE	TRUE	case_1_D_T:0.63;case_1_CII_T:0.62;case_1_CI_T:0.62
case_1_TP53_chr17:TC:chr17:7578190	case_1	TP53	1	TRUE	TRUE	case_1_D_T:0.99;case_1_CII_T:0.91;case_1_CI_T:0.97
case_1_TRBV7-8_chr7:CT:chr7:142104345	case_1	TRBV7-8	1	FALSE	TRUE	case_1_D_T:0.82;case_1_CII_T:0.71;case_1_CI_T:0.77
case_1_TRIM58_chr1:CT:chr1:248028188	case_1	TRIM58	1	FALSE	TRUE	case_1_D_T:0.88;case_1_CII_T:0.82;case_1_CI_T:0.86
case_1_UBE2FP3_chr1:CG:chr1:111983857	case_1	UBE2FP3	1	FALSE	TRUE	case_1_D_T:0.89;case_1_CII_T:0.83;case_1_CI_T:0.88
case_1_UNC13C_chr15:GT:chr15:54919261	case_1	UNC13C	1	FALSE	TRUE	case_1_D_T:0.98;case_1_CII_T:0.89;case_1_CI_T:0.96
case_1_UNC13D_chr17:CA:chr17:73823800	case_1	UNC13D	1	FALSE	TRUE	case_1_D_T:0.69;case_1_CII_T:0.42;case_1_CI_T:0.49
case_1_USP22_chr17:GA:chr17:20910279	case_1	USP22	1	FALSE	TRUE	case_1_D_T:0.77;case_1_CII_T:0.84;case_1_CI_T:0.81
case_1_WDR82_chr3:CT:chr3:52283935	case_1	WDR82	1	FALSE	TRUE	case_1_D_T:0.74;case_1_CII_T:0.82;case_1_CI_T:0.74
case_1_XX-C283C717.1_chr22:GC:chr22:50755131	case_1	XX-C283C717.1	1	FALSE	TRUE	case_1_D_T:0.78;case_1_CII_T:0.71;case_1_CI_T:0.74
case_1_ZDHHC13_chr11:AG:chr11:19197508	case_1	ZDHHC13	1	FALSE	TRUE	case_1_D_T:0.92;case_1_CII_T:0.83;case_1_CI_T:0.86
case_1_ZNF469_chr16:TA:chr16:88505886	case_1	ZNF469	1	FALSE	TRUE	case_1_D_T:0.78;case_1_CII_T:0.71;case_1_CI_T:0.83
case_1_ZNF527_chr19:GA:chr19:37880001	case_1	ZNF527	1	FALSE	TRUE	case_1_D_T:0.87;case_1_CII_T:0.8;case_1_CI_T:0.83
case_1_APC_APC_chr5:CATC:chr5:112154896	case_1	APC	1	TRUE	TRUE	case_1_D_T:1;case_1_CII_T:0.93;case_1_CI_T:0.87
case_1_ALDH1L1_chr3:GC:chr3:125822552	case_1	ALDH1L1	2	FALSE	FALSE	case_1_D_T:0.54;case_1_CII_T:0.47;case_1_CI_T:0.37
case_1_CA10_chr17:CA:chr17:49708971	case_1	CA10	2	FALSE	FALSE	case_1_D_T:0.63;case_1_CII_T:0.7;case_1_CI_T:0.59
case_1_CDH19_chr18:AG:chr18:64202299	case_1	CDH19	2	FALSE	FALSE	case_1_D_T:0.55;case_1_CII_T:0.34;case_1_CI_T:0.53
case_1_LAMA5_chr20:CT:chr20:60913342	case_1	LAMA5	2	FALSE	FALSE	case_1_D_T:0.53;case_1_CII_T:0.47;case_1_CI_T:0.45
case_1_LRP2_chr2:CT:chr2:170136957	case_1	LRP2	2	FALSE	FALSE	case_1_D_T:0.56;case_1_CII_T:0.42;case_1_CI_T:0.48
